Processo SEI,ID,Especificacao,Tipo,Atribuicao,Etiqueta,Anotacao,Link_Permanente,Qtd_Ocorrencias
23117.000116/2026-84,7745379,Recolhimneto de equipamento em desuso,Material: Recolhimento de Material ao Depósito,,,,https://sei.ufu.br/sei/controlador.php?acao=procedimento_trabalhar&id_procedimento=7745379,1
23117.000442/2025-19,6686307,(Não Visualizado) CTIC - COLETA,Material: Recolhimento de Material ao Depósito,,COLETA DE BENS,,https://sei.ufu.br/sei/controlador.php?acao=procedimento_trabalhar&id_procedimento=6686307,1
23117.000574/2026-13,7750114,(Não Visualizado) Recolhimento de Cabine de Segurança,Material: Recolhimento de Material ao Depósito,,,,https://sei.ufu.br/sei/controlador.php?acao=procedimento_trabalhar&id_procedimento=7750114,1
23117.000979/2026-51,7755015,Coleta de bens em desuso / Solicitação de baixa de bens,Material: Recolhimento de Material ao Depósito,,,,https://sei.ufu.br/sei/controlador.php?acao=procedimento_trabalhar&id_procedimento=7755015,1
23117.001285/2024-70,5680563,(Não Visualizado) CTIC - COLETA,Material: Recolhimento de Material ao Depósito,,COLETA DE BENS,,https://sei.ufu.br/sei/controlador.php?acao=procedimento_trabalhar&id_procedimento=5680563,1
23117.001500/2024-32,5682844,Baixa de 1 Computador,Material: Recolhimento de Material ao Depósito,cpetrag,Aguardando Aceite STP,,https://sei.ufu.br/sei/controlador.php?acao=procedimento_trabalhar&id_procedimento=5682844,1
23117.001655/2023-98,4686216,Solicita exclusão de bens patrimoniais lotados na Faculdade de Engenharia Química.,Material: Recolhimento de Material ao Depósito,cpetrag,Aguardando Aceite STP,,https://sei.ufu.br/sei/controlador.php?acao=procedimento_trabalhar&id_procedimento=4686216,1
23117.001793/2026-10,7763967,Bens em desuso na Biblioteca Central Santa Mônica,Material: Recolhimento de Material ao Depósito,cpetrag,COLETA DE BENS,,https://sei.ufu.br/sei/controlador.php?acao=procedimento_trabalhar&id_procedimento=7763967,1
23117.001861/2020-55,2044395,Recolhimento de material para descarte à DIALM em 2020,Material: Recolhimento de Material ao Depósito,cpetrag,Recolhimento,lancado na planilha,https://sei.ufu.br/sei/controlador.php?acao=procedimento_trabalhar&id_procedimento=2044395,1
23117.002145/2026-81,7768840,(Não Visualizado) Baixa de Patrimônio - Glória,Material: Recolhimento de Material ao Depósito,,,,https://sei.ufu.br/sei/controlador.php?acao=procedimento_trabalhar&id_procedimento=7768840,1
23117.002305/2024-20,5691370,CPUS devolvidas à DIRAM para permuta por CPUs novas com a PROPLAD,Material: Recolhimento de Material ao Depósito,cpetrag,,,https://sei.ufu.br/sei/controlador.php?acao=procedimento_trabalhar&id_procedimento=5691370,1
23117.002358/2026-11,7771373,"IMPRESSORA LASERJET PRO COLORIDA CONEXAO USB 2.0/ETHERNET/WI-FI, patrimônio: 714128",Material: Recolhimento de Material ao Depósito,,,,https://sei.ufu.br/sei/controlador.php?acao=procedimento_trabalhar&id_procedimento=7771373,1
23117.002513/2024-29,5693352,Atualização do parque computacional IGUFU - Distribuição PROPLAD 2024,Material: Recolhimento de Material ao Depósito,cpetrag,Aguardando Aceite STP,,https://sei.ufu.br/sei/controlador.php?acao=procedimento_trabalhar&id_procedimento=5693352,1
23117.003242/2024-29,5701857,Atualização do parque computacional FACIC - Distribuição PROPLAD 2024,Material: Recolhimento de Material ao Depósito,cpetrag,Aguardando Aceite STP,,https://sei.ufu.br/sei/controlador.php?acao=procedimento_trabalhar&id_procedimento=5701857,1
23117.003449/2026-65,7785205,(Não Visualizado) Baixa de Patrimônio - Umuarama,Material: Recolhimento de Material ao Depósito,,,,https://sei.ufu.br/sei/controlador.php?acao=procedimento_trabalhar&id_procedimento=7785205,1
23117.003560/2025-71,6724957,,Material: Recolhimento de Material ao Depósito,genilson.rosa,Aguardando Aceite STP,,https://sei.ufu.br/sei/controlador.php?acao=procedimento_trabalhar&id_procedimento=6724957,1
23117.003860/2024-79,5709369,Recolhimento e Entregas CPU\'s FECIV,Material: Recolhimento de Material ao Depósito,,Coleta,"Coletado 12 computadores, necessário ajustar o SIPAT\rAgendar coleta\rAguardando o setor organizar os computadores, os operadores de carga foram coletar mas não encontraram os itens relacionados na lista",https://sei.ufu.br/sei/controlador.php?acao=procedimento_trabalhar&id_procedimento=5709369,2
23117.004118/2024-81,5712255,Solicito retirada de bem em desuso - Roteador,Material: Recolhimento de Material ao Depósito,genilson.rosa,Aguardando Aceite STP,,https://sei.ufu.br/sei/controlador.php?acao=procedimento_trabalhar&id_procedimento=5712255,1
23117.004320/2026-74,7796454,,Material: Recolhimento de Material ao Depósito,,Coleta,,https://sei.ufu.br/sei/controlador.php?acao=procedimento_trabalhar&id_procedimento=7796454,1
23117.004831/2024-24,5720723,(Não Visualizado) Baixa de Patrimônio - FAMEV Secretaria,Material: Recolhimento de Material ao Depósito,,COLETA DE BENS,,https://sei.ufu.br/sei/controlador.php?acao=procedimento_trabalhar&id_procedimento=5720723,1
23117.004844/2026-65,7803816,,Material: Recolhimento de Material ao Depósito,,,,https://sei.ufu.br/sei/controlador.php?acao=procedimento_trabalhar&id_procedimento=7803816,1
23117.005013/2024-49,5722553,Atualização do parque computacional FAMED - Distribuição PROPLAD 2024,Material: Recolhimento de Material ao Depósito,cpetrag,Aguardando Aceite STP,,https://sei.ufu.br/sei/controlador.php?acao=procedimento_trabalhar&id_procedimento=5722553,1
23117.005049/2024-22,5722970,(Não Visualizado) Protocolo - Solicitação de recolhimento de toners usados FAGEN,Material: Recolhimento de Material ao Depósito,,,,https://sei.ufu.br/sei/controlador.php?acao=procedimento_trabalhar&id_procedimento=5722970,1
23117.005201/2024-77,5724668,Solicito retirada de bem em desuso - Aquecedor e Ventilador de Teto,Material: Recolhimento de Material ao Depósito,genilson.rosa,Aguardando Aceite STP,,https://sei.ufu.br/sei/controlador.php?acao=procedimento_trabalhar&id_procedimento=5724668,1
23117.005313/2024-28,5725938,Recolhimento de itens em desuso,Material: Recolhimento de Material ao Depósito,,Aguardando Aceite STP,,https://sei.ufu.br/sei/controlador.php?acao=procedimento_trabalhar&id_procedimento=5725938,1
23117.005944/2026-17,7816841,UBSF JARDIM BRÁSÍLIA 04-02-2026 ANÁLISE DO PROCESSO PARA COLETA,Material: Recolhimento de Material ao Depósito,,,,https://sei.ufu.br/sei/controlador.php?acao=procedimento_trabalhar&id_procedimento=7816841,1
23117.006251/2024-71,5736205,(Não Visualizado) Recolhimento Coifa em desuso (Bloco 1BCG),Material: Recolhimento de Material ao Depósito,,COLETA DE BENS,,https://sei.ufu.br/sei/controlador.php?acao=procedimento_trabalhar&id_procedimento=5736205,1
23117.006938/2026-79,7829620,Coleta de material em desuso,Material: Recolhimento de Material ao Depósito,,COLETA DE BENS,,https://sei.ufu.br/sei/controlador.php?acao=procedimento_trabalhar&id_procedimento=7829620,1
23117.007024/2024-63,5744654,Material em Desuso,Material: Recolhimento de Material ao Depósito,cpetrag,Aguardando Aceite STP,,https://sei.ufu.br/sei/controlador.php?acao=procedimento_trabalhar&id_procedimento=5744654,1
23117.007109/2024-41,5745446,Atualização do parque computacional FAMAT/IME - Distribuição PROPLAD 2024,Material: Recolhimento de Material ao Depósito,cpetrag,Aguardando Aceite STP,,https://sei.ufu.br/sei/controlador.php?acao=procedimento_trabalhar&id_procedimento=5745446,1
23117.007727/2026-53,7838053,Recolhimento de materiais para baixa nos laboratórios do curso de Geografia pontal,Material: Recolhimento de Material ao Depósito,,,Aguardando processo relacionado,https://sei.ufu.br/sei/controlador.php?acao=procedimento_trabalhar&id_procedimento=7838053,1
23117.007922/2026-83,7839573,(Não Visualizado) Recolhimento de 2 aparelhos de ar condicionado - Sala de vídeomonitoramento,Material: Recolhimento de Material ao Depósito,,,,https://sei.ufu.br/sei/controlador.php?acao=procedimento_trabalhar&id_procedimento=7839573,1
23117.008225/2024-88,5756255,Recolhimento Microondas,Material: Recolhimento de Material ao Depósito,genilson.rosa,Aguardando Aceite STP,,https://sei.ufu.br/sei/controlador.php?acao=procedimento_trabalhar&id_procedimento=5756255,1
23117.008274/2026-82,7843245,Femec faz solicitação de baixa de itens disponibilizados nas salas 1M128A e 1M129,Material: Recolhimento de Material ao Depósito,,,,https://sei.ufu.br/sei/controlador.php?acao=procedimento_trabalhar&id_procedimento=7843245,1
23117.008330/2023-36,4753390,Coleta de dois aparelhos de ar condicionado,Material: Recolhimento de Material ao Depósito,genilson.rosa,Aguardando Aceite STP,,https://sei.ufu.br/sei/controlador.php?acao=procedimento_trabalhar&id_procedimento=4753390,1
23117.008646/2026-71,7847564,Baixa nobreak,Material: Recolhimento de Material ao Depósito,,COLETA DE BENS,,https://sei.ufu.br/sei/controlador.php?acao=procedimento_trabalhar&id_procedimento=7847564,1
23117.008895/2024-02,5763703,DRII -COLETA,Material: Recolhimento de Material ao Depósito,,FAZER TBP,,https://sei.ufu.br/sei/controlador.php?acao=procedimento_trabalhar&id_procedimento=5763703,1
23117.009279/2026-22,7854623,Recolhimento de estufa,Material: Recolhimento de Material ao Depósito,,COLETA DE BENS,,https://sei.ufu.br/sei/controlador.php?acao=procedimento_trabalhar&id_procedimento=7854623,1
23117.010074/2026-90,7863117,Recolhimento de Toners,Material: Recolhimento de Material ao Depósito,,,,https://sei.ufu.br/sei/controlador.php?acao=procedimento_trabalhar&id_procedimento=7863117,1
23117.010153/2026-09,7863983,,Material: Recolhimento de Material ao Depósito,cpetrag,,,https://sei.ufu.br/sei/controlador.php?acao=procedimento_trabalhar&id_procedimento=7863983,1
23117.011021/2025-13,6813006,(Não Visualizado) Impressora DIRAM/DIPAT,Material: Recolhimento de Material ao Depósito,,COLETA DE BENS,,https://sei.ufu.br/sei/controlador.php?acao=procedimento_trabalhar&id_procedimento=6813006,1
23117.011353/2026-71,7876150,Atualização de Registro Patrimonial - Processos de coletas de bens,Material: Recolhimento de Material ao Depósito,marley.duarte,Coleta,,https://sei.ufu.br/sei/controlador.php?acao=procedimento_trabalhar&id_procedimento=7876150,2
23117.011701/2026-18,7879499,(Não Visualizado),Material: Recolhimento de Material ao Depósito,,,,https://sei.ufu.br/sei/controlador.php?acao=procedimento_trabalhar&id_procedimento=7879499,1
23117.011716/2024-14,5793170,Atualização do parque computacional IQUFU - Distribuição PROPLAD 2024,Material: Recolhimento de Material ao Depósito,marco.nunes1,,,https://sei.ufu.br/sei/controlador.php?acao=procedimento_trabalhar&id_procedimento=5793170,1
23117.011750/2024-81,5793546,(Não Visualizado) CTIC - COLETA,Material: Recolhimento de Material ao Depósito,,COLETA DE BENS,,https://sei.ufu.br/sei/controlador.php?acao=procedimento_trabalhar&id_procedimento=5793546,1
23117.011806/2024-05,5794114,(Não Visualizado) CTIC - COLETA,Material: Recolhimento de Material ao Depósito,,COLETA DE BENS,,https://sei.ufu.br/sei/controlador.php?acao=procedimento_trabalhar&id_procedimento=5794114,1
23117.011872/2024-77,5795027,(Não Visualizado) CTIC - COLETA,Material: Recolhimento de Material ao Depósito,,COLETA DE BENS,,https://sei.ufu.br/sei/controlador.php?acao=procedimento_trabalhar&id_procedimento=5795027,1
23117.012321/2024-21,5799837,(Não Visualizado) COLETA FAMED 2H,Material: Recolhimento de Material ao Depósito,,COLETA DE BENS,,https://sei.ufu.br/sei/controlador.php?acao=procedimento_trabalhar&id_procedimento=5799837,1
23117.012352/2024-81,5800291,Solicitação de coleta de bem patrimonial FAGEN,Material: Recolhimento de Material ao Depósito,,Aguardando Aceite STP,,https://sei.ufu.br/sei/controlador.php?acao=procedimento_trabalhar&id_procedimento=5800291,1
23117.012644/2024-14,5803255,DIPAT - Recolhimento de bens em desuso ESTES - 20/02/2024,Material: Recolhimento de Material ao Depósito,cpetrag,Aguardando Aceite STP,,https://sei.ufu.br/sei/controlador.php?acao=procedimento_trabalhar&id_procedimento=5803255,1
23117.012956/2024-28,5805956,(Não Visualizado) Baixa de itens sob responsabilidade da DIRAM Telefones sem fio,Material: Recolhimento de Material ao Depósito,,COLETA DE BENS,,https://sei.ufu.br/sei/controlador.php?acao=procedimento_trabalhar&id_procedimento=5805956,1
23117.013258/2026-10,7898249,(Não Visualizado),Material: Recolhimento de Material ao Depósito,,,,https://sei.ufu.br/sei/controlador.php?acao=procedimento_trabalhar&id_procedimento=7898249,1
23117.013445/2026-95,7900644,(Não Visualizado),Material: Recolhimento de Material ao Depósito,,,,https://sei.ufu.br/sei/controlador.php?acao=procedimento_trabalhar&id_procedimento=7900644,1
23117.013481/2024-97,5811962,Recolhimento Material ao Depósito - Status Baixa Realizada STP,Material: Recolhimento de Material ao Depósito,genilson.rosa,Aguardando Aceite STP,,https://sei.ufu.br/sei/controlador.php?acao=procedimento_trabalhar&id_procedimento=5811962,1
23117.014014/2026-46,7907126,Material: Recolhimento de Material ao Depósito - TONNERS USADOS,Material: Recolhimento de Material ao Depósito,,Recolhimento,,https://sei.ufu.br/sei/controlador.php?acao=procedimento_trabalhar&id_procedimento=7907126,1
23117.014090/2026-51,7908486,(Não Visualizado) Bens em desuso na Biblioteca Setorial Umuarama,Material: Recolhimento de Material ao Depósito,,,,https://sei.ufu.br/sei/controlador.php?acao=procedimento_trabalhar&id_procedimento=7908486,1
23117.014133/2024-37,5819227,(Não Visualizado) Atualização do parque computacional FACOM - Distribuição PROPLAD 2024,Material: Recolhimento de Material ao Depósito,,COLETA DE BENS,,https://sei.ufu.br/sei/controlador.php?acao=procedimento_trabalhar&id_procedimento=5819227,1
23117.014404/2026-16,7912418,Coleta Material Danificado,Material: Recolhimento de Material ao Depósito,,,,https://sei.ufu.br/sei/controlador.php?acao=procedimento_trabalhar&id_procedimento=7912418,1
23117.014586/2026-25,7914264,"Baixa e Recolhimento de Materiais localizados na salas 113, 119, 128,  (Bloco 1G), 201 (Bloco 5 M)",Material: Recolhimento de Material ao Depósito,,,,https://sei.ufu.br/sei/controlador.php?acao=procedimento_trabalhar&id_procedimento=7914264,1
23117.015322/2026-99,7922790,(Não Visualizado) Solicita recolhimento de equipamentos de informática em desuso ao Depósito,Material: Recolhimento de Material ao Depósito,,,,https://sei.ufu.br/sei/controlador.php?acao=procedimento_trabalhar&id_procedimento=7922790,1
23117.015653/2025-48,6866553,Recolhimneto de equipamento em desuso,Material: Recolhimento de Material ao Depósito,,Aguardando Aceite STP,assianr informe e enviar ao setor,https://sei.ufu.br/sei/controlador.php?acao=procedimento_trabalhar&id_procedimento=6866553,1
23117.016102/2026-82,7931339,(Não Visualizado),Material: Recolhimento de Material ao Depósito,,,,https://sei.ufu.br/sei/controlador.php?acao=procedimento_trabalhar&id_procedimento=7931339,1
23117.016429/2024-92,5843964,(Não Visualizado) Recolhimento e Baixa de Itens Obsoletos no MUnA,Material: Recolhimento de Material ao Depósito,,COLETA DE BENS,,https://sei.ufu.br/sei/controlador.php?acao=procedimento_trabalhar&id_procedimento=5843964,1
23117.016628/2026-62,7937539,(Não Visualizado) RECOLHIMENTO DE MATERIAL,Material: Recolhimento de Material ao Depósito,,,,https://sei.ufu.br/sei/controlador.php?acao=procedimento_trabalhar&id_procedimento=7937539,1
23117.016694/2024-71,5847013,Solicito retirada de bem em desuso - Televisão,Material: Recolhimento de Material ao Depósito,cpetrag,Aguardando Aceite STP,,https://sei.ufu.br/sei/controlador.php?acao=procedimento_trabalhar&id_procedimento=5847013,1
23117.017034/2024-15,5851366,(Não Visualizado) Atualização do parque computacional HOVET - Distribuição PROPLAD 2024,Material: Recolhimento de Material ao Depósito,,COLETA DE BENS,,https://sei.ufu.br/sei/controlador.php?acao=procedimento_trabalhar&id_procedimento=5851366,1
23117.017038/2026-57,7941940,Recolhimento de Cartucho de Toner Samsung,Material: Recolhimento de Material ao Depósito,,Recolhimento,Lançado na planilha,https://sei.ufu.br/sei/controlador.php?acao=procedimento_trabalhar&id_procedimento=7941940,1
23117.017300/2024-00,5854635,Solicita baixa impressora secretaria,Material: Recolhimento de Material ao Depósito,cpetrag,Aguardando Aceite STP,,https://sei.ufu.br/sei/controlador.php?acao=procedimento_trabalhar&id_procedimento=5854635,1
23117.018102/2024-55,5864880,"Recolhimento de CPU para troca, lotação de 48 maquinas",Material: Recolhimento de Material ao Depósito,genilson.rosa,Aguardando Aceite STP,"Coleta ja efetuada, falta ajustes no SIADS e SIPAT",https://sei.ufu.br/sei/controlador.php?acao=procedimento_trabalhar&id_procedimento=5864880,1
23117.018122/2024-26,5865058,(Não Visualizado) Telefones sem fio PREFE.,Material: Recolhimento de Material ao Depósito,,COLETA DE BENS,,https://sei.ufu.br/sei/controlador.php?acao=procedimento_trabalhar&id_procedimento=5865058,1
23117.018682/2026-42,7958823,Coleta de Impressora - sala 09 do 2U,Material: Recolhimento de Material ao Depósito,,Coleta,,https://sei.ufu.br/sei/controlador.php?acao=procedimento_trabalhar&id_procedimento=7958823,1
23117.018813/2023-49,4858433,Laudos de Baixa,Material: Recolhimento de Material ao Depósito,cpetrag,Aguardando Aceite STP,,https://sei.ufu.br/sei/controlador.php?acao=procedimento_trabalhar&id_procedimento=4858433,1
23117.018814/2026-36,7960360,Solicitação de recolhimento REBIR,Material: Recolhimento de Material ao Depósito,,,,https://sei.ufu.br/sei/controlador.php?acao=procedimento_trabalhar&id_procedimento=7960360,1
23117.019895/2026-91,7972623,(Não Visualizado) Recolhimento de aparelho de ar condicionado,Material: Recolhimento de Material ao Depósito,,,,https://sei.ufu.br/sei/controlador.php?acao=procedimento_trabalhar&id_procedimento=7972623,1
23117.019925/2026-60,7972951,Recolhimento de equipamento - TOC,Material: Recolhimento de Material ao Depósito,,,,https://sei.ufu.br/sei/controlador.php?acao=procedimento_trabalhar&id_procedimento=7972951,1
23117.020295/2024-12,5890457,Atualização do parque computacional FAMEV - Distribuição PROPLAD 2024,Material: Recolhimento de Material ao Depósito,cpetrag,Aguardando Aceite STP,,https://sei.ufu.br/sei/controlador.php?acao=procedimento_trabalhar&id_procedimento=5890457,1
23117.021056/2024-71,5899078,Recolhimento de material - 1B 221,Material: Recolhimento de Material ao Depósito,cpetrag,Aguardando Aceite STP,,https://sei.ufu.br/sei/controlador.php?acao=procedimento_trabalhar&id_procedimento=5899078,1
23117.021126/2026-53,7987968,Telefones sem fio 940173 e 978909 - DICDE e Mural de Avisos,Material: Recolhimento de Material ao Depósito,,,,https://sei.ufu.br/sei/controlador.php?acao=procedimento_trabalhar&id_procedimento=7987968,1
23117.022044/2023-83,4896327,Aparelho de ar condicionado - DIRPS - SM - 1A,Material: Recolhimento de Material ao Depósito,,FAZER TBP,,https://sei.ufu.br/sei/controlador.php?acao=procedimento_trabalhar&id_procedimento=4896327,1
23117.022380/2025-98,6946528,,Material: Recolhimento de Material ao Depósito,cpetrag,Aguardando Aceite STP,,https://sei.ufu.br/sei/controlador.php?acao=procedimento_trabalhar&id_procedimento=6946528,1
23117.022739/2024-46,5918340,Atualização do parque computacional IFILO - Distribuição PROPLAD 2024,Material: Recolhimento de Material ao Depósito,cpetrag,Aguardando Aceite STP,,https://sei.ufu.br/sei/controlador.php?acao=procedimento_trabalhar&id_procedimento=5918340,1
23117.023617/2026-39,8015734,,Material: Recolhimento de Material ao Depósito,,,,https://sei.ufu.br/sei/controlador.php?acao=procedimento_trabalhar&id_procedimento=8015734,1
23117.024026/2024-17,5934196,Atualização do parque computacional IBTEC - Distribuição PROPLAD 2024,Material: Recolhimento de Material ao Depósito,cpetrag,Aguardando Aceite STP,,https://sei.ufu.br/sei/controlador.php?acao=procedimento_trabalhar&id_procedimento=5934196,1
23117.024727/2024-56,5941810,Atualização do parque computacional FACED - Distribuição PROPLAD 2024,Material: Recolhimento de Material ao Depósito,cpetrag,Aguardando Aceite STP,,https://sei.ufu.br/sei/controlador.php?acao=procedimento_trabalhar&id_procedimento=5941810,1
23117.024858/2026-03,8031871,(Não Visualizado) Solicitação de baixa e recolhimento Bens em desuso,Material: Recolhimento de Material ao Depósito,,,,https://sei.ufu.br/sei/controlador.php?acao=procedimento_trabalhar&id_procedimento=8031871,1
23117.024929/2026-60,8032803,(Não Visualizado),Material: Recolhimento de Material ao Depósito,,,,https://sei.ufu.br/sei/controlador.php?acao=procedimento_trabalhar&id_procedimento=8032803,1
23117.025161/2026-41,8035319,(Não Visualizado) Recolimento de material em desuso,Material: Recolhimento de Material ao Depósito,,,,https://sei.ufu.br/sei/controlador.php?acao=procedimento_trabalhar&id_procedimento=8035319,1
23117.025633/2024-02,5951687,(Não Visualizado) Solicita recolhimento de equipamentos em desuso ao Depósito,Material: Recolhimento de Material ao Depósito,,COLETA DE BENS,,https://sei.ufu.br/sei/controlador.php?acao=procedimento_trabalhar&id_procedimento=5951687,1
23117.025714/2026-66,8045150,(Não Visualizado) Coleta de bens em desuso / Solicitação de baixa de bens,Material: Recolhimento de Material ao Depósito,,,,https://sei.ufu.br/sei/controlador.php?acao=procedimento_trabalhar&id_procedimento=8045150,1
23117.025807/2023-48,4937792,(Não Visualizado) Solicitação de providências cabíveis para regularização e baixa de bem patrimonial.,Material: Recolhimento de Material ao Depósito,,COLETA DE BENS,,https://sei.ufu.br/sei/controlador.php?acao=procedimento_trabalhar&id_procedimento=4937792,1
23117.026096/2024-18,5957978,(Não Visualizado) Recolhimento de bens materiais,Material: Recolhimento de Material ao Depósito,,COLETA DE BENS,,https://sei.ufu.br/sei/controlador.php?acao=procedimento_trabalhar&id_procedimento=5957978,1
23117.026368/2024-71,5960999,COLETA ESTES 4K,Material: Recolhimento de Material ao Depósito,,COLETA DE BENS,,https://sei.ufu.br/sei/controlador.php?acao=procedimento_trabalhar&id_procedimento=5960999,1
23117.026565/2024-91,5963814,COLETA HOVET 2S,Material: Recolhimento de Material ao Depósito,cpetrag,Aguardando Aceite STP,,https://sei.ufu.br/sei/controlador.php?acao=procedimento_trabalhar&id_procedimento=5963814,1
23117.026632/2026-39,8055241,(Não Visualizado) Baixa e recolhimento,Material: Recolhimento de Material ao Depósito,,,,https://sei.ufu.br/sei/controlador.php?acao=procedimento_trabalhar&id_procedimento=8055241,1
23117.026755/2026-70,8056497,RECOLHIMENTO MATERIAIS,Material: Recolhimento de Material ao Depósito,,,,https://sei.ufu.br/sei/controlador.php?acao=procedimento_trabalhar&id_procedimento=8056497,1
23117.027130/2024-63,5970111,Coleta,Material: Recolhimento de Material ao Depósito,cpetrag,Campus Umuarama,,https://sei.ufu.br/sei/controlador.php?acao=procedimento_trabalhar&id_procedimento=5970111,1
23117.027359/2023-17,4956474,Baixa de equipamentos - SM - FEELT - ?,Material: Recolhimento de Material ao Depósito,,Aguardando Aceite STP,,https://sei.ufu.br/sei/controlador.php?acao=procedimento_trabalhar&id_procedimento=4956474,1
23117.027363/2023-85,4956508,(Não Visualizado) COLETA ICBIM 2B,Material: Recolhimento de Material ao Depósito,,COLETA DE BENS,,https://sei.ufu.br/sei/controlador.php?acao=procedimento_trabalhar&id_procedimento=4956508,1
23117.027369/2024-33,5972542,(Não Visualizado) COLETA CONUT BLOCO 2U,Material: Recolhimento de Material ao Depósito,,COLETA DE BENS,,https://sei.ufu.br/sei/controlador.php?acao=procedimento_trabalhar&id_procedimento=5972542,1
23117.028061/2026-77,8072369,(Não Visualizado) Solicitação de baixa de bens,Material: Recolhimento de Material ao Depósito,,,,https://sei.ufu.br/sei/controlador.php?acao=procedimento_trabalhar&id_procedimento=8072369,1
23117.028222/2026-22,8074386,(Não Visualizado) Coleta de bens em desuso / Solicitação de baixa de bens,Material: Recolhimento de Material ao Depósito,,,,https://sei.ufu.br/sei/controlador.php?acao=procedimento_trabalhar&id_procedimento=8074386,1
23117.028768/2023-31,4973429,(Não Visualizado) Recohlimento de bens de desuso - SM - DIRSU - 5J,Material: Recolhimento de Material ao Depósito,,COLETA DE BENS,,https://sei.ufu.br/sei/controlador.php?acao=procedimento_trabalhar&id_procedimento=4973429,1
23117.029326/2023-10,4980992,(Não Visualizado) COLETA ICBIM 4U,Material: Recolhimento de Material ao Depósito,,COLETA DE BENS,,https://sei.ufu.br/sei/controlador.php?acao=procedimento_trabalhar&id_procedimento=4980992,1
23117.029628/2026-22,8093773,Baixa e coleta de equipamentos em desuso,Material: Recolhimento de Material ao Depósito,,Coleta,AGENDA,https://sei.ufu.br/sei/controlador.php?acao=procedimento_trabalhar&id_procedimento=8093773,1
23117.029771/2026-14,8096151,,Material: Recolhimento de Material ao Depósito,,,,https://sei.ufu.br/sei/controlador.php?acao=procedimento_trabalhar&id_procedimento=8096151,1
23117.029938/2024-85,6001399,(Não Visualizado) Recolhimento e baixa de bens,Material: Recolhimento de Material ao Depósito,,COLETA DE BENS,,https://sei.ufu.br/sei/controlador.php?acao=procedimento_trabalhar&id_procedimento=6001399,1
23117.029991/2026-48,8098547,(Não Visualizado) Devolução de material.,Material: Recolhimento de Material ao Depósito,,,,https://sei.ufu.br/sei/controlador.php?acao=procedimento_trabalhar&id_procedimento=8098547,1
23117.030283/2026-50,8102481,Ofício - Recolhimento materiais,Material: Recolhimento de Material ao Depósito,,Coleta,,https://sei.ufu.br/sei/controlador.php?acao=procedimento_trabalhar&id_procedimento=8102481,1
23117.030298/2025-37,7035873,,Material: Recolhimento de Material ao Depósito,,,,https://sei.ufu.br/sei/controlador.php?acao=procedimento_trabalhar&id_procedimento=7035873,1
23117.030677/2026-16,8107710,Coleta por Emaill,Material: Recolhimento de Material ao Depósito,,Coleta,,https://sei.ufu.br/sei/controlador.php?acao=procedimento_trabalhar&id_procedimento=8107710,1
23117.030918/2024-57,6013158,(Não Visualizado) Recolhimento de Material ao depósito,Material: Recolhimento de Material ao Depósito,,COLETA DE BENS,,https://sei.ufu.br/sei/controlador.php?acao=procedimento_trabalhar&id_procedimento=6013158,1
23117.031623/2026-60,8119365,,Material: Recolhimento de Material ao Depósito,,Coleta,,https://sei.ufu.br/sei/controlador.php?acao=procedimento_trabalhar&id_procedimento=8119365,1
23117.031851/2026-30,8122144,,Material: Recolhimento de Material ao Depósito,,,,https://sei.ufu.br/sei/controlador.php?acao=procedimento_trabalhar&id_procedimento=8122144,1
23117.032553/2026-67,8131560,Solicitação de baixa itens patrimoniais bloco 2A,Material: Recolhimento de Material ao Depósito,marley.duarte,Coleta,Abrir processo relacionado,https://sei.ufu.br/sei/controlador.php?acao=procedimento_trabalhar&id_procedimento=8131560,2
23117.032977/2026-21,8135992,,Material: Recolhimento de Material ao Depósito,,,,https://sei.ufu.br/sei/controlador.php?acao=procedimento_trabalhar&id_procedimento=8135992,1
23117.033310/2026-46,8140126,COLETA COREMU 2H,Material: Recolhimento de Material ao Depósito,,,,https://sei.ufu.br/sei/controlador.php?acao=procedimento_trabalhar&id_procedimento=8140126,1
23117.033331/2024-08,6035706,(Não Visualizado) DICOP - COLETA,Material: Recolhimento de Material ao Depósito,,COLETA DE BENS,,https://sei.ufu.br/sei/controlador.php?acao=procedimento_trabalhar&id_procedimento=6035706,1
23117.033401/2026-81,8141348,,Material: Recolhimento de Material ao Depósito,,Coleta,Analisar,https://sei.ufu.br/sei/controlador.php?acao=procedimento_trabalhar&id_procedimento=8141348,1
23117.034148/2023-31,5037001,Recolhimento de Patrimônio: Estabilizadores - 16/05/2023 - Faculdade de Computação,Material: Recolhimento de Material ao Depósito,cpetrag,Aguardando Aceite STP,,https://sei.ufu.br/sei/controlador.php?acao=procedimento_trabalhar&id_procedimento=5037001,1
23117.034833/2023-67,5044939,(Não Visualizado) CTIC - COLETA,Material: Recolhimento de Material ao Depósito,,COLETA DE BENS,,https://sei.ufu.br/sei/controlador.php?acao=procedimento_trabalhar&id_procedimento=5044939,1
23117.034843/2024-83,6051667,(Não Visualizado) COLETA COREMU 2H,Material: Recolhimento de Material ao Depósito,,COLETA DE BENS,,https://sei.ufu.br/sei/controlador.php?acao=procedimento_trabalhar&id_procedimento=6051667,1
23117.034935/2023-82,5046127,(Não Visualizado) COLETA COMED 2H,Material: Recolhimento de Material ao Depósito,,COLETA DE BENS,,https://sei.ufu.br/sei/controlador.php?acao=procedimento_trabalhar&id_procedimento=5046127,1
23117.035329/2026-27,8166884,(Não Visualizado) Recolhimento de impressoras na BCMON-DIINF,Material: Recolhimento de Material ao Depósito,,,,https://sei.ufu.br/sei/controlador.php?acao=procedimento_trabalhar&id_procedimento=8166884,1
23117.035722/2024-59,6059441,(Não Visualizado) CTIC - COLETA,Material: Recolhimento de Material ao Depósito,,COLETA DE BENS,,https://sei.ufu.br/sei/controlador.php?acao=procedimento_trabalhar&id_procedimento=6059441,1
23117.035866/2023-24,5056683,"(Não Visualizado) Recolhimento de Material - Nobreaks, Fonte e Baterias - 23/05/2023 - Faculdade de Computação",Material: Recolhimento de Material ao Depósito,,COLETA DE BENS,,https://sei.ufu.br/sei/controlador.php?acao=procedimento_trabalhar&id_procedimento=5056683,1
23117.036634/2024-74,6070397,COLETA HOVET 2S,Material: Recolhimento de Material ao Depósito,cpetrag,Aguardando Aceite STP,,https://sei.ufu.br/sei/controlador.php?acao=procedimento_trabalhar&id_procedimento=6070397,1
23117.036994/2024-76,6074481,Coleta de bens,Material: Recolhimento de Material ao Depósito,,FAZER TBP,,https://sei.ufu.br/sei/controlador.php?acao=procedimento_trabalhar&id_procedimento=6074481,1
23117.037257/2026-52,8190115,(Não Visualizado) Recolhimento de mesa - 850164,Material: Recolhimento de Material ao Depósito,,,,https://sei.ufu.br/sei/controlador.php?acao=procedimento_trabalhar&id_procedimento=8190115,1
23117.037300/2025-07,7107745,Baixa de itens - Lote de cadeiras e mesas Conjunto infantil,Material: Recolhimento de Material ao Depósito,marco.nunes1,,,https://sei.ufu.br/sei/controlador.php?acao=procedimento_trabalhar&id_procedimento=7107745,1
23117.038041/2026-12,8198925,(Não Visualizado) Bomba à vácuo - Valdislaine,Material: Recolhimento de Material ao Depósito,,,,https://sei.ufu.br/sei/controlador.php?acao=procedimento_trabalhar&id_procedimento=8198925,1
23117.038224/2026-20,8201674,(Não Visualizado),Material: Recolhimento de Material ao Depósito,,,,https://sei.ufu.br/sei/controlador.php?acao=procedimento_trabalhar&id_procedimento=8201674,1
23117.039366/2024-42,6102585,Recolhimento dos aparelhos de ar condicionado,Material: Recolhimento de Material ao Depósito,cpetrag,Aguardando Aceite STP,Solicitar ao RELAM para aceitar o TBP\rSolicitar o Tiago para aceitar TBP\rConfirmar TBP no STP,https://sei.ufu.br/sei/controlador.php?acao=procedimento_trabalhar&id_procedimento=6102585,1
23117.039542/2024-46,6104960,Recolhimento de bem em desuso,Material: Recolhimento de Material ao Depósito,cpetrag,Aguardando Aceite STP,Aguardando aceite no TBP,https://sei.ufu.br/sei/controlador.php?acao=procedimento_trabalhar&id_procedimento=6104960,1
23117.039564/2024-14,6105210,(Não Visualizado) CTIC - COLETA,Material: Recolhimento de Material ao Depósito,,COLETA DE BENS,,https://sei.ufu.br/sei/controlador.php?acao=procedimento_trabalhar&id_procedimento=6105210,1
23117.039977/2026-52,8225492,(Não Visualizado) Baixa de equipamento e Recolhimento,Material: Recolhimento de Material ao Depósito,,,,https://sei.ufu.br/sei/controlador.php?acao=procedimento_trabalhar&id_procedimento=8225492,1
23117.040106/2024-10,6112157,Atualização do parque computacional FEELT - Distribuição PROPLAD 2024,Material: Recolhimento de Material ao Depósito,genilson.rosa,Aguardando Aceite STP,,https://sei.ufu.br/sei/controlador.php?acao=procedimento_trabalhar&id_procedimento=6112157,1
23117.040145/2023-36,5101902,Recolhimento de armário e mesa em desuso - DIRCO,Material: Recolhimento de Material ao Depósito,genilson.rosa,Aguardando Aceite STP,,https://sei.ufu.br/sei/controlador.php?acao=procedimento_trabalhar&id_procedimento=5101902,1
23117.040649/2024-37,6119376,COLETA FACOM BLOCO 1B,Material: Recolhimento de Material ao Depósito,,FAZER TBP,,https://sei.ufu.br/sei/controlador.php?acao=procedimento_trabalhar&id_procedimento=6119376,1
23117.040790/2026-00,8236456,(EXECUTADO)_ALMOXARIFADO_TROCA DE GRAMPEADORES,Material: Recolhimento de Material ao Depósito,tatiana,,BAIXA GRAMPEADORES,https://sei.ufu.br/sei/controlador.php?acao=procedimento_trabalhar&id_procedimento=8236456,1
23117.040792/2026-91,8236480,(Não Visualizado) Recolhimento de materiais - Lousa,Material: Recolhimento de Material ao Depósito,,,,https://sei.ufu.br/sei/controlador.php?acao=procedimento_trabalhar&id_procedimento=8236480,1
23117.041547/2024-39,6130158,Atualização do parque computacional IERI - Distribuição PROPLAD 2024,Material: Recolhimento de Material ao Depósito,,Aguardando Aceite STP,,https://sei.ufu.br/sei/controlador.php?acao=procedimento_trabalhar&id_procedimento=6130158,1
23117.042435/2025-86,7172406,Patos - Coleta,Material: Recolhimento de Material ao Depósito,marco.nunes1,FAZER TBP,,https://sei.ufu.br/sei/controlador.php?acao=procedimento_trabalhar&id_procedimento=7172406,1
23117.042466/2024-56,6142118,COLETA CTIC Bloco 2Y,Material: Recolhimento de Material ao Depósito,genilson.rosa,Aguardando Aceite STP,,https://sei.ufu.br/sei/controlador.php?acao=procedimento_trabalhar&id_procedimento=6142118,1
23117.042512/2024-17,6142431,COLETA CTIC 2Y,Material: Recolhimento de Material ao Depósito,cpetrag,Aguardando Aceite STP,,https://sei.ufu.br/sei/controlador.php?acao=procedimento_trabalhar&id_procedimento=6142431,1
23117.042687/2024-24,6144747,,Material: Recolhimento de Material ao Depósito,,Aguardando Aceite STP,,https://sei.ufu.br/sei/controlador.php?acao=procedimento_trabalhar&id_procedimento=6144747,1
23117.042843/2023-76,5128725,Recolhimento de Patrimônio: Armários - 20/06/2023 - Faculdade de Computação,Material: Recolhimento de Material ao Depósito,cpetrag,Aguardando Aceite STP,,https://sei.ufu.br/sei/controlador.php?acao=procedimento_trabalhar&id_procedimento=5128725,1
23117.042939/2024-15,6147823,(Não Visualizado) CTIC - COLETA,Material: Recolhimento de Material ao Depósito,,COLETA DE BENS,,https://sei.ufu.br/sei/controlador.php?acao=procedimento_trabalhar&id_procedimento=6147823,1
23117.043165/2025-21,7181008,Retirada de equipamento em desuso,Material: Recolhimento de Material ao Depósito,cpetrag,Aguardando Aceite STP,assianar informe e enviar ao setor,https://sei.ufu.br/sei/controlador.php?acao=procedimento_trabalhar&id_procedimento=7181008,1
23117.043169/2023-47,5131768,Solicito retirada de bem em desuso - Microondas,Material: Recolhimento de Material ao Depósito,,Aguardando Aceite STP,,https://sei.ufu.br/sei/controlador.php?acao=procedimento_trabalhar&id_procedimento=5131768,1
23117.043367/2026-53,8267622,,Material: Recolhimento de Material ao Depósito,marley.duarte,Coleta,,https://sei.ufu.br/sei/controlador.php?acao=procedimento_trabalhar&id_procedimento=8267622,1
23117.043561/2026-39,8269566,(Não Visualizado) Cadeiras e estufa - LAETE,Material: Recolhimento de Material ao Depósito,,,,https://sei.ufu.br/sei/controlador.php?acao=procedimento_trabalhar&id_procedimento=8269566,1
23117.044261/2024-13,6163907,(Não Visualizado) IFILO - COLETA CANCELADO - O atualizado está em 23117.083104/2024-15,Material: Recolhimento de Material ao Depósito,,COLETA DE BENS,,https://sei.ufu.br/sei/controlador.php?acao=procedimento_trabalhar&id_procedimento=6163907,1
23117.044431/2022-90,4157796,Bens patrimoniais para retirada,Material: Recolhimento de Material ao Depósito,cpetrag,Aguardando Aceite STP,,https://sei.ufu.br/sei/controlador.php?acao=procedimento_trabalhar&id_procedimento=4157796,1
23117.044482/2025-64,7197202,FEMEC - COLETA,Material: Recolhimento de Material ao Depósito,,Coleta,verificar se os itens estão no depósito,https://sei.ufu.br/sei/controlador.php?acao=procedimento_trabalhar&id_procedimento=7197202,2
23117.045388/2023-61,5155029,Recolhimento de patrimônio: Ar condicionado - Patrimônio: 711988,Material: Recolhimento de Material ao Depósito,cpetrag,Aguardando Aceite STP,,https://sei.ufu.br/sei/controlador.php?acao=procedimento_trabalhar&id_procedimento=5155029,1
23117.045408/2025-65,7208825,Solicitação urgente de baixa patrimonial e recolhimento de colchões deteriorados – Ginásios 4 e 7,Material: Recolhimento de Material ao Depósito,,,,https://sei.ufu.br/sei/controlador.php?acao=procedimento_trabalhar&id_procedimento=7208825,1
23117.045484/2026-51,8291591,(Não Visualizado) Baixa de Patrimônio - Glória,Material: Recolhimento de Material ao Depósito,,,,https://sei.ufu.br/sei/controlador.php?acao=procedimento_trabalhar&id_procedimento=8291591,1
23117.045524/2026-65,8292076,PEDIDO DE RECOLHIMENTO DE BENS INSERVÍVEIS,Material: Recolhimento de Material ao Depósito,,Coleta,,https://sei.ufu.br/sei/controlador.php?acao=procedimento_trabalhar&id_procedimento=8292076,1
23117.045773/2025-70,7213155,Coleta de itens - Enfermagem Bloco 2U - (Estão no Banco do Brasil),Material: Recolhimento de Material ao Depósito,cpetrag,FAZER TBP,,https://sei.ufu.br/sei/controlador.php?acao=procedimento_trabalhar&id_procedimento=7213155,1
23117.045809/2024-34,6182362,"Solicito retirada de bem em desuso: Microondas, Ultrassom, Aquecedor e Tablet",Material: Recolhimento de Material ao Depósito,cpetrag,Aguardando Aceite STP,Solicitar aprovação ao HOVET do TBP 26760Solicitar ao Tiago aceito do TBPConcluir o TBP e inserir no processo,https://sei.ufu.br/sei/controlador.php?acao=procedimento_trabalhar&id_procedimento=6182362,1
23117.046287/2026-50,8301442,(Não Visualizado) Solicitação de baixa de 02 ventiladores,Material: Recolhimento de Material ao Depósito,,,,https://sei.ufu.br/sei/controlador.php?acao=procedimento_trabalhar&id_procedimento=8301442,1
23117.046391/2026-44,8302753,,Material: Recolhimento de Material ao Depósito,,Coleta,,https://sei.ufu.br/sei/controlador.php?acao=procedimento_trabalhar&id_procedimento=8302753,1
23117.046585/2024-88,6192004,(Não Visualizado) IME - COLETA,Material: Recolhimento de Material ao Depósito,,COLETA DE BENS,,https://sei.ufu.br/sei/controlador.php?acao=procedimento_trabalhar&id_procedimento=6192004,1
23117.046619/2026-04,8305256,Recolhimento ar condicionado - COREME,Material: Recolhimento de Material ao Depósito,,Coleta,AGENDA,https://sei.ufu.br/sei/controlador.php?acao=procedimento_trabalhar&id_procedimento=8305256,1
23117.046641/2025-65,7223348,Recolhimento de material de container da FEMEC próximo ao bloco 1-M,Material: Recolhimento de Material ao Depósito,marley.duarte,Coleta,VERIFICAR,https://sei.ufu.br/sei/controlador.php?acao=procedimento_trabalhar&id_procedimento=7223348,2
23117.046732/2024-10,6193822,Coleta de telefone sem fio_Dirai,Material: Recolhimento de Material ao Depósito,cpetrag,Aguardando Aceite STP,,https://sei.ufu.br/sei/controlador.php?acao=procedimento_trabalhar&id_procedimento=6193822,1
23117.046754/2024-80,6193996,Baixa de materiais,Material: Recolhimento de Material ao Depósito,cpetrag,Aguardando Aceite STP,,https://sei.ufu.br/sei/controlador.php?acao=procedimento_trabalhar&id_procedimento=6193996,1
23117.047335/2025-46,7230995,(Não Visualizado) Equipamentos Baixa Patrimônio 5H - Laprosolda,Material: Recolhimento de Material ao Depósito,,COLETA DE BENS,,https://sei.ufu.br/sei/controlador.php?acao=procedimento_trabalhar&id_procedimento=7230995,1
23117.047486/2025-02,7233138,Solicitação de Baixa e Recolhimento de Material - Sala -1G113/128/119,Material: Recolhimento de Material ao Depósito,genilson.rosa,Aguardando Aceite STP,VERIFICAR ENVIO PARA A DIPAT,https://sei.ufu.br/sei/controlador.php?acao=procedimento_trabalhar&id_procedimento=7233138,1
23117.047883/2022-23,4195481,Solicita Recolhimento de Bens Permanentes Direcionados ao Desuso,Material: Recolhimento de Material ao Depósito,cpetrag,Aguardando Aceite STP,,https://sei.ufu.br/sei/controlador.php?acao=procedimento_trabalhar&id_procedimento=4195481,1
23117.048309/2024-54,6211468,(Não Visualizado) Recolhimento estabilizador,Material: Recolhimento de Material ao Depósito,,COLETA DE BENS,,https://sei.ufu.br/sei/controlador.php?acao=procedimento_trabalhar&id_procedimento=6211468,1
23117.048471/2024-72,6213394,Recolhimneto de bens em desuso,Material: Recolhimento de Material ao Depósito,cpetrag,Aguardando Aceite STP,conferido,https://sei.ufu.br/sei/controlador.php?acao=procedimento_trabalhar&id_procedimento=6213394,1
23117.048568/2023-02,5189869,(Não Visualizado) CTIC - COLETA,Material: Recolhimento de Material ao Depósito,,COLETA DE BENS,,https://sei.ufu.br/sei/controlador.php?acao=procedimento_trabalhar&id_procedimento=5189869,1
23117.048748/2025-48,7248898,Desocupação Sala 18 - bloco 2H,Material: Recolhimento de Material ao Depósito,,Aguardando Aceite STP,,https://sei.ufu.br/sei/controlador.php?acao=procedimento_trabalhar&id_procedimento=7248898,1
23117.048752/2026-97,8330623,Solicitação de recolhimento itens inservíveis,Material: Recolhimento de Material ao Depósito,,,CAp/UFU,https://sei.ufu.br/sei/controlador.php?acao=procedimento_trabalhar&id_procedimento=8330623,1
23117.049204/2026-84,8336884,Recolhimento de material ao depósito para baixa ou reuso.,Material: Recolhimento de Material ao Depósito,marley.duarte,Coleta,CAp/UFU,https://sei.ufu.br/sei/controlador.php?acao=procedimento_trabalhar&id_procedimento=8336884,1
23117.049338/2023-52,5198234,Solicito retirada de bem em desuso - Dois CPU,Material: Recolhimento de Material ao Depósito,genilson.rosa,Aguardando Aceite STP,,https://sei.ufu.br/sei/controlador.php?acao=procedimento_trabalhar&id_procedimento=5198234,1
23117.049769/2024-08,6227424,(Não Visualizado) Recolhimento de CPUs para,Material: Recolhimento de Material ao Depósito,,COLETA DE BENS,,https://sei.ufu.br/sei/controlador.php?acao=procedimento_trabalhar&id_procedimento=6227424,2
23117.049936/2025-93,7263693,Coleta de itens - Nutrição Bloco 2U - (Estão no Banco do Brasil),Material: Recolhimento de Material ao Depósito,cpetrag,FAZER TBP,,https://sei.ufu.br/sei/controlador.php?acao=procedimento_trabalhar&id_procedimento=7263693,1
23117.050459/2025-17,7269218,Desocupação de salas do bloco 2U para reforma - Materiais FAMED - (Estão no Banco do Brasil),Material: Recolhimento de Material ao Depósito,cpetrag,FAZER TBP,,https://sei.ufu.br/sei/controlador.php?acao=procedimento_trabalhar&id_procedimento=7269218,1
23117.051399/2023-80,5218199,(Não Visualizado) COLETA ICBIM 4C,Material: Recolhimento de Material ao Depósito,,COLETA DE BENS,,https://sei.ufu.br/sei/controlador.php?acao=procedimento_trabalhar&id_procedimento=5218199,1
23117.052539/2023-37,5229992,Bens em Desuso,Material: Recolhimento de Material ao Depósito,genilson.rosa,Aguardando Aceite STP,,https://sei.ufu.br/sei/controlador.php?acao=procedimento_trabalhar&id_procedimento=5229992,1
23117.053528/2026-17,8393374,(Não Visualizado) Recolhimneto de bens em desuso,Material: Recolhimento de Material ao Depósito,,,,https://sei.ufu.br/sei/controlador.php?acao=procedimento_trabalhar&id_procedimento=8393374,1
23117.053591/2026-53,8394136,"(Não Visualizado) CONDICIONADOR DE AR PATRIMÔNIO 703588, SALA DA PERCUSSÃO, BLOCO 5U",Material: Recolhimento de Material ao Depósito,,,,https://sei.ufu.br/sei/controlador.php?acao=procedimento_trabalhar&id_procedimento=8394136,1
23117.053724/2024-20,6273392,Baixa de Equipamentos DIRPS (telefones),Material: Recolhimento de Material ao Depósito,,FAZER TBP,,https://sei.ufu.br/sei/controlador.php?acao=procedimento_trabalhar&id_procedimento=6273392,1
23117.053757/2021-27,3344175,,Material: Recolhimento de Material ao Depósito,,Termo de Guarda de Material/Equipamento,,https://sei.ufu.br/sei/controlador.php?acao=procedimento_trabalhar&id_procedimento=3344175,1
23117.054645/2025-17,7316662,COLETA DE BENS PERMANENTE EM DESUSO,Material: Recolhimento de Material ao Depósito,,,,https://sei.ufu.br/sei/controlador.php?acao=procedimento_trabalhar&id_procedimento=7316662,1
23117.054733/2024-38,6285004,(Não Visualizado) Recolhimento de Material ao depósito,Material: Recolhimento de Material ao Depósito,,COLETA DE BENS,,https://sei.ufu.br/sei/controlador.php?acao=procedimento_trabalhar&id_procedimento=6285004,1
23117.055181/2024-85,6290185,(Não Visualizado) FADIR - COLETA,Material: Recolhimento de Material ao Depósito,,COLETA DE BENS,,https://sei.ufu.br/sei/controlador.php?acao=procedimento_trabalhar&id_procedimento=6290185,1
23117.055465/2026-33,8418789,Coleta de bens em desuso / Solicitação de baixa de bens,Material: Recolhimento de Material ao Depósito,,,,https://sei.ufu.br/sei/controlador.php?acao=procedimento_trabalhar&id_procedimento=8418789,1
23117.056014/2026-13,8425486,Recolhimneto de bens em desuso,Material: Recolhimento de Material ao Depósito,marley.duarte,Coleta,verificar,https://sei.ufu.br/sei/controlador.php?acao=procedimento_trabalhar&id_procedimento=8425486,1
23117.056660/2023-38,5273066,COLETA FAMEV 2S,Material: Recolhimento de Material ao Depósito,,FAZER TBP,,https://sei.ufu.br/sei/controlador.php?acao=procedimento_trabalhar&id_procedimento=5273066,1
23117.056665/2024-41,6306851,(Não Visualizado) CTIC - COLETA,Material: Recolhimento de Material ao Depósito,,COLETA DE BENS,,https://sei.ufu.br/sei/controlador.php?acao=procedimento_trabalhar&id_procedimento=6306851,1
23117.056706/2024-08,6307232,(Não Visualizado) CTIC - COLETA,Material: Recolhimento de Material ao Depósito,,COLETA DE BENS,,https://sei.ufu.br/sei/controlador.php?acao=procedimento_trabalhar&id_procedimento=6307232,1
23117.057830/2025-63,7355187,,Material: Recolhimento de Material ao Depósito,,,,https://sei.ufu.br/sei/controlador.php?acao=procedimento_trabalhar&id_procedimento=7355187,1
23117.057850/2026-15,8447747,,Material: Recolhimento de Material ao Depósito,marley.duarte,Coleta,,https://sei.ufu.br/sei/controlador.php?acao=procedimento_trabalhar&id_procedimento=8447747,1
23117.057931/2026-15,8449063,(Não Visualizado) Coleta de bens em desuso,Material: Recolhimento de Material ao Depósito,,,,https://sei.ufu.br/sei/controlador.php?acao=procedimento_trabalhar&id_procedimento=8449063,1
23117.057996/2024-07,6322079,Bem em desuso - telefone estragado,Material: Recolhimento de Material ao Depósito,,Aguardando Aceite STP,assinar,https://sei.ufu.br/sei/controlador.php?acao=procedimento_trabalhar&id_procedimento=6322079,1
23117.058136/2025-63,7358547,Patos - Recolhimento de cadeira com rodízio (patr. 135806) em baixa permanente - FEQUI,Material: Recolhimento de Material ao Depósito,,FAZER TBP,,https://sei.ufu.br/sei/controlador.php?acao=procedimento_trabalhar&id_procedimento=7358547,1
23117.058238/2026-60,8452721,,Material: Recolhimento de Material ao Depósito,marley.duarte,Coleta,ANALISAR,https://sei.ufu.br/sei/controlador.php?acao=procedimento_trabalhar&id_procedimento=8452721,1
23117.058324/2024-19,6325016,RECOLHIMENTO DE BENS DIVERSOS CTIC 2Y UMUARAMA,Material: Recolhimento de Material ao Depósito,genilson.rosa,Aguardando Aceite STP,,https://sei.ufu.br/sei/controlador.php?acao=procedimento_trabalhar&id_procedimento=6325016,1
23117.058844/2023-32,5300658,(Não Visualizado) CTIC - COLETA,Material: Recolhimento de Material ao Depósito,,COLETA DE BENS,,https://sei.ufu.br/sei/controlador.php?acao=procedimento_trabalhar&id_procedimento=5300658,1
23117.058860/2023-25,5300769,,Material: Recolhimento de Material ao Depósito,,,,https://sei.ufu.br/sei/controlador.php?acao=procedimento_trabalhar&id_procedimento=5300769,1
23117.059035/2023-48,5302626,(Não Visualizado) CTIC - COLETA,Material: Recolhimento de Material ao Depósito,,COLETA DE BENS,,https://sei.ufu.br/sei/controlador.php?acao=procedimento_trabalhar&id_procedimento=5302626,1
23117.059613/2023-46,5309187,Baixa de estabilizadores 1G 113,Material: Recolhimento de Material ao Depósito,cpetrag,Aguardando Aceite STP,,https://sei.ufu.br/sei/controlador.php?acao=procedimento_trabalhar&id_procedimento=5309187,1
23117.059753/2023-14,5310690,solicitação de baixa dos monitores,Material: Recolhimento de Material ao Depósito,cpetrag,Aguardando Aceite STP,,https://sei.ufu.br/sei/controlador.php?acao=procedimento_trabalhar&id_procedimento=5310690,1
23117.060200/2023-12,5316299,(Não Visualizado) CTIC - COLETA,Material: Recolhimento de Material ao Depósito,,COLETA DE BENS,,https://sei.ufu.br/sei/controlador.php?acao=procedimento_trabalhar&id_procedimento=5316299,1
23117.060597/2023-34,5320861,COLETA ICBIM 2B,Material: Recolhimento de Material ao Depósito,,Aguardando Aceite STP,,https://sei.ufu.br/sei/controlador.php?acao=procedimento_trabalhar&id_procedimento=5320861,1
23117.060680/2026-56,8482415,Recolhimento através de Cooperativa,Material: Recolhimento de Material ao Depósito,,,,https://sei.ufu.br/sei/controlador.php?acao=procedimento_trabalhar&id_procedimento=8482415,2
23117.061147/2026-10,8489200,(Não Visualizado) Material  para descarte,Material: Recolhimento de Material ao Depósito,,,,https://sei.ufu.br/sei/controlador.php?acao=procedimento_trabalhar&id_procedimento=8489200,1
23117.061457/2026-26,8493479,Recolhimneto de bem em desuso,Material: Recolhimento de Material ao Depósito,marley.duarte,Coleta,,https://sei.ufu.br/sei/controlador.php?acao=procedimento_trabalhar&id_procedimento=8493479,1
23117.062191/2023-96,5339027,Baixa patrimonial de materiais diversificado - sala 1G117,Material: Recolhimento de Material ao Depósito,,Aguardando Aceite STP,,https://sei.ufu.br/sei/controlador.php?acao=procedimento_trabalhar&id_procedimento=5339027,1
23117.062208/2024-96,6368690,,Material: Recolhimento de Material ao Depósito,cpetrag,Aguardando Aceite STP,,https://sei.ufu.br/sei/controlador.php?acao=procedimento_trabalhar&id_procedimento=6368690,1
23117.062288/2024-80,6369584,,Material: Recolhimento de Material ao Depósito,genilson.rosa,Aguardando Aceite STP,,https://sei.ufu.br/sei/controlador.php?acao=procedimento_trabalhar&id_procedimento=6369584,1
23117.062518/2024-19,6372460,Recolhimneto de bens em desuso,Material: Recolhimento de Material ao Depósito,genilson.rosa,Aguardando Aceite STP,,https://sei.ufu.br/sei/controlador.php?acao=procedimento_trabalhar&id_procedimento=6372460,1
23117.063434/2024-94,6382320,(Não Visualizado) BAIXA DE BENS EM DESUSO - PPGPSI,Material: Recolhimento de Material ao Depósito,,COLETA DE BENS,,https://sei.ufu.br/sei/controlador.php?acao=procedimento_trabalhar&id_procedimento=6382320,1
23117.063912/2023-85,5358289,COLETA MATERIAL PARA BAIXA NO BLOCO 2E - UMUARAMA - IBTEC.,Material: Recolhimento de Material ao Depósito,cpetrag,Aguardando Aceite STP,,https://sei.ufu.br/sei/controlador.php?acao=procedimento_trabalhar&id_procedimento=5358289,1
23117.064553/2025-45,7433839,Baixa de itens eletrônicos (32) - Setembro de 2025,Material: Recolhimento de Material ao Depósito,cpetrag,Aguardando Aceite STP,,https://sei.ufu.br/sei/controlador.php?acao=procedimento_trabalhar&id_procedimento=7433839,1
23117.064860/2024-45,6397542,Solicitação,Material: Recolhimento de Material ao Depósito,genilson.rosa,Aguardando Aceite STP,,https://sei.ufu.br/sei/controlador.php?acao=procedimento_trabalhar&id_procedimento=6397542,1
23117.066668/2025-74,7457277,Coleta de em em desuso - Ventilador - Netbook - Notebook,Material: Recolhimento de Material ao Depósito,,Coleta,Aguardando abertura de processo relacionado,https://sei.ufu.br/sei/controlador.php?acao=procedimento_trabalhar&id_procedimento=7457277,1
23117.066800/2023-86,5392161,Solicito retirada de bem em desuso - Serra Gesso,Material: Recolhimento de Material ao Depósito,genilson.rosa,Aguardando Aceite STP,,https://sei.ufu.br/sei/controlador.php?acao=procedimento_trabalhar&id_procedimento=5392161,1
23117.067156/2024-44,6425432,Baixa de um Refrigerador,Material: Recolhimento de Material ao Depósito,genilson.rosa,Aguardando Aceite STP,,https://sei.ufu.br/sei/controlador.php?acao=procedimento_trabalhar&id_procedimento=6425432,1
23117.067459/2025-48,7467381,(Não Visualizado) Solicitação de retirada de armário danificado por cupins,Material: Recolhimento de Material ao Depósito,,COLETA DE BENS,,https://sei.ufu.br/sei/controlador.php?acao=procedimento_trabalhar&id_procedimento=7467381,1
23117.067554/2025-41,7468414,Estragado sem laudo ( sem funcionar ),Material: Recolhimento de Material ao Depósito,cpetrag,Aguardando Aceite STP,,https://sei.ufu.br/sei/controlador.php?acao=procedimento_trabalhar&id_procedimento=7468414,1
23117.067661/2024-99,6431074,,Material: Recolhimento de Material ao Depósito,cpetrag,Aguardando Aceite STP,,https://sei.ufu.br/sei/controlador.php?acao=procedimento_trabalhar&id_procedimento=6431074,1
23117.069853/2024-30,6453838,(Não Visualizado) CTIC - COLETA,Material: Recolhimento de Material ao Depósito,,COLETA DE BENS,,https://sei.ufu.br/sei/controlador.php?acao=procedimento_trabalhar&id_procedimento=6453838,1
23117.069988/2025-86,7495265,Devolução de material.,Material: Recolhimento de Material ao Depósito,,Recolhimento,,https://sei.ufu.br/sei/controlador.php?acao=procedimento_trabalhar&id_procedimento=7495265,1
23117.071960/2025-17,7515437,Pontal - Coleta,Material: Recolhimento de Material ao Depósito,,FAZER TBP,,https://sei.ufu.br/sei/controlador.php?acao=procedimento_trabalhar&id_procedimento=7515437,1
23117.073253/2024-76,6493802,,Material: Recolhimento de Material ao Depósito,,Aguardando Aceite STP,,https://sei.ufu.br/sei/controlador.php?acao=procedimento_trabalhar&id_procedimento=6493802,1
23117.073259/2024-43,6493856,(Não Visualizado) Recolhimento de bens em desuso - DECIR,Material: Recolhimento de Material ao Depósito,,COLETA DE BENS,,https://sei.ufu.br/sei/controlador.php?acao=procedimento_trabalhar&id_procedimento=6493856,1
23117.073964/2024-41,6501257,,Material: Recolhimento de Material ao Depósito,cpetrag,Aguardando Aceite STP,,https://sei.ufu.br/sei/controlador.php?acao=procedimento_trabalhar&id_procedimento=6501257,1
23117.073975/2023-40,5476721,DIRAP - COLETA,Material: Recolhimento de Material ao Depósito,,FAZER TBP,,https://sei.ufu.br/sei/controlador.php?acao=procedimento_trabalhar&id_procedimento=5476721,1
23117.074287/2025-69,7540668,Pontal - Coleta - Recolhimento de material,Material: Recolhimento de Material ao Depósito,cpetrag,FAZER TBP,,https://sei.ufu.br/sei/controlador.php?acao=procedimento_trabalhar&id_procedimento=7540668,1
23117.074377/2023-98,5481573,(Não Visualizado) Baixa patrimonial de materiais diversificado - sala 5M201-1G 119 -1G113,Material: Recolhimento de Material ao Depósito,,COLETA DE BENS,,https://sei.ufu.br/sei/controlador.php?acao=procedimento_trabalhar&id_procedimento=5481573,1
23117.074723/2023-38,5485645,Bem em desuso para recolhimento,Material: Recolhimento de Material ao Depósito,genilson.rosa,Aguardando Aceite STP,,https://sei.ufu.br/sei/controlador.php?acao=procedimento_trabalhar&id_procedimento=5485645,1
23117.075638/2024-78,6522820,(Não Visualizado) ICHPO PONTAL,Material: Recolhimento de Material ao Depósito,,COLETA DE BENS,,https://sei.ufu.br/sei/controlador.php?acao=procedimento_trabalhar&id_procedimento=6522820,1
23117.076289/2024-10,6530005,Coleta de Ar Condicionado - Livraria da Edufu,Material: Recolhimento de Material ao Depósito,marley.duarte,Coleta,,https://sei.ufu.br/sei/controlador.php?acao=procedimento_trabalhar&id_procedimento=6530005,2
23117.077175/2025-60,7571992,Recolhimento materias curso de pedagogia pontal,Material: Recolhimento de Material ao Depósito,,FAZER TBP,,https://sei.ufu.br/sei/controlador.php?acao=procedimento_trabalhar&id_procedimento=7571992,1
23117.077241/2023-30,5514096,Solicitação de recolhimento de material em desuso.,Material: Recolhimento de Material ao Depósito,cpetrag,Aguardando Aceite STP,,https://sei.ufu.br/sei/controlador.php?acao=procedimento_trabalhar&id_procedimento=5514096,1
23117.077830/2025-80,7579753,Recolhimento do Material - Curso de Administração - FACES/UFU,Material: Recolhimento de Material ao Depósito,,FAZER TBP,,https://sei.ufu.br/sei/controlador.php?acao=procedimento_trabalhar&id_procedimento=7579753,1
23117.078714/2025-88,7590410,(Não Visualizado) DITRA Recolhimento de Objetos,Material: Recolhimento de Material ao Depósito,,COLETA DE BENS,,https://sei.ufu.br/sei/controlador.php?acao=procedimento_trabalhar&id_procedimento=7590410,1
23117.078763/2024-30,6556200,Baixa de itens - Armários cantina Eseba,Material: Recolhimento de Material ao Depósito,,Aguardando Aceite STP,,https://sei.ufu.br/sei/controlador.php?acao=procedimento_trabalhar&id_procedimento=6556200,1
23117.079464/2023-31,5539051,(Não Visualizado) Recolhimento Mesa - Status Baixa Realizada STP,Material: Recolhimento de Material ao Depósito,,COLETA DE BENS,,https://sei.ufu.br/sei/controlador.php?acao=procedimento_trabalhar&id_procedimento=5539051,1
23117.079739/2025-07,7602823,ICHPO Recolhimento de materiais para baixa do laboratório NAAGEO do curso de Geografia pontal,Material: Recolhimento de Material ao Depósito,,FAZER TBP,,https://sei.ufu.br/sei/controlador.php?acao=procedimento_trabalhar&id_procedimento=7602823,1
23117.081421/2022-35,4527106,Recolhimento de bens (Armário e Ar Condicionado),Material: Recolhimento de Material ao Depósito,marco.nunes1,,,https://sei.ufu.br/sei/controlador.php?acao=procedimento_trabalhar&id_procedimento=4527106,1
23117.081553/2022-67,4528705,Recolhimento de bens patrimoniais da FAGEN - SM - FAGEN - 1F,Material: Recolhimento de Material ao Depósito,genilson.rosa,Aguardando Aceite STP,,https://sei.ufu.br/sei/controlador.php?acao=procedimento_trabalhar&id_procedimento=4528705,1
23117.081853/2024-16,6592209,(Não Visualizado) CTIC - COLETA,Material: Recolhimento de Material ao Depósito,,COLETA DE BENS,,https://sei.ufu.br/sei/controlador.php?acao=procedimento_trabalhar&id_procedimento=6592209,1
23117.081994/2024-21,6594037,M. Carmelo - Coleta,Material: Recolhimento de Material ao Depósito,,FAZER TBP,,https://sei.ufu.br/sei/controlador.php?acao=procedimento_trabalhar&id_procedimento=6594037,1
23117.083016/2023-32,5577187,Solicito retirada de bem,Material: Recolhimento de Material ao Depósito,genilson.rosa,Aguardando Aceite STP,,https://sei.ufu.br/sei/controlador.php?acao=procedimento_trabalhar&id_procedimento=5577187,1
23117.083930/2023-83,5587827,Solicito retirada de bem em desuso - Aquecedor,Material: Recolhimento de Material ao Depósito,cpetrag,Aguardando Aceite STP,,https://sei.ufu.br/sei/controlador.php?acao=procedimento_trabalhar&id_procedimento=5587827,1
23117.084113/2024-23,6613813,(Não Visualizado) coleta notebook COREMU,Material: Recolhimento de Material ao Depósito,,COLETA DE BENS,,https://sei.ufu.br/sei/controlador.php?acao=procedimento_trabalhar&id_procedimento=6613813,1
23117.084201/2025-14,7657290,(Não Visualizado) ESEBA - COLETA,Material: Recolhimento de Material ao Depósito,,COLETA DE BENS,,https://sei.ufu.br/sei/controlador.php?acao=procedimento_trabalhar&id_procedimento=7657290,1
23117.084331/2023-87,5592307,Coleta bens em desuso,Material: Recolhimento de Material ao Depósito,cpetrag,Aguardando Aceite STP,,https://sei.ufu.br/sei/controlador.php?acao=procedimento_trabalhar&id_procedimento=5592307,1
23117.085948/2022-39,4574703,Ar condicionado Dires,Material: Recolhimento de Material ao Depósito,,FAZER TBP,,https://sei.ufu.br/sei/controlador.php?acao=procedimento_trabalhar&id_procedimento=4574703,1
23117.086240/2025-48,7683163,(Não Visualizado) FAEPU - COLETA,Material: Recolhimento de Material ao Depósito,,COLETA DE BENS,,https://sei.ufu.br/sei/controlador.php?acao=procedimento_trabalhar&id_procedimento=7683163,1
23117.086672/2025-59,7688697,(Não Visualizado),Material: Recolhimento de Material ao Depósito,,,,https://sei.ufu.br/sei/controlador.php?acao=procedimento_trabalhar&id_procedimento=7688697,1
23117.086691/2023-13,5617613,coleta de bens em desuso,Material: Recolhimento de Material ao Depósito,cpetrag,Aguardando Aceite STP,,https://sei.ufu.br/sei/controlador.php?acao=procedimento_trabalhar&id_procedimento=5617613,1
23117.087523/2023-45,5626503,(Não Visualizado),Material: Recolhimento de Material ao Depósito,,COLETA DE BENS,,https://sei.ufu.br/sei/controlador.php?acao=procedimento_trabalhar&id_procedimento=5626503,1
23117.087692/2023-85,5628893,Baixa de materiais,Material: Recolhimento de Material ao Depósito,cpetrag,Aguardando Aceite STP,,https://sei.ufu.br/sei/controlador.php?acao=procedimento_trabalhar&id_procedimento=5628893,1
23117.087806/2023-97,5630185,Solicito retirada de bem em desuso - Estabilizador,Material: Recolhimento de Material ao Depósito,genilson.rosa,Aguardando Aceite STP,,https://sei.ufu.br/sei/controlador.php?acao=procedimento_trabalhar&id_procedimento=5630185,1
23117.088131/2023-01,5634791,Solicito retirada de bem em desuso - Celular,Material: Recolhimento de Material ao Depósito,cpetrag,Aguardando Aceite STP,,https://sei.ufu.br/sei/controlador.php?acao=procedimento_trabalhar&id_procedimento=5634791,1
23117.088280/2023-62,5636989,Recolhimento de itens para baixa,Material: Recolhimento de Material ao Depósito,genilson.rosa,Aguardando Aceite STP,,https://sei.ufu.br/sei/controlador.php?acao=procedimento_trabalhar&id_procedimento=5636989,1
23117.089121/2025-47,7718864,COLETA - FEELT - PATOS DE MINAS,Material: Recolhimento de Material ao Depósito,,COLETA DE BENS,Coleta programada para o dia 11/13/2026,https://sei.ufu.br/sei/controlador.php?acao=procedimento_trabalhar&id_procedimento=7718864,2
23117.089590/2023-02,5650124,(Não Visualizado) DIRAP - COLETA,Material: Recolhimento de Material ao Depósito,,COLETA DE BENS,,https://sei.ufu.br/sei/controlador.php?acao=procedimento_trabalhar&id_procedimento=5650124,1
23117.089824/2025-75,7728448,PROAE - COLETA,Material: Recolhimento de Material ao Depósito,,COLETA DE BENS,,https://sei.ufu.br/sei/controlador.php?acao=procedimento_trabalhar&id_procedimento=7728448,1
23117.090355/2023-75,5658022,COLETA CTIC 2Y,Material: Recolhimento de Material ao Depósito,cpetrag,Aguardando Aceite STP,,https://sei.ufu.br/sei/controlador.php?acao=procedimento_trabalhar&id_procedimento=5658022,1
23117.093439/2019-84,1863115,(Não Visualizado) Material utilizado,Material: Recolhimento de Material ao Depósito,,,,https://sei.ufu.br/sei/controlador.php?acao=procedimento_trabalhar&id_procedimento=1863115,1
